C0,C1,C2,C3,C4,C5,C6,C7,C8,C9,C10,C11,C12,C13,C14,C15,C16,C17,C18,C19,C20,C21,C22,C23,C24,C25,C26,C27,C28,C29,C30,C31,C32,C33,C34,C35,C36,C37,C38,C39,ID
3577.4049003021823,1841.018774893786,-57.26837003603698,713.269937751177,-941.6419845765233,-1149.1707073520352,522.867494013919,1485.7200210272308,390.2763747929395,-320.1097812935645,-180.56813198660467,-186.13415368446266,97.30368273506086,114.43520951223883,-377.8198223783727,-88.95429858703723,792.5193105183906,-344.29147571422516,-402.44123441835626,-1117.879343055061,924.9060323381232,-670.3256666212219,53.08806480806727,-773.8013781324199,-44.98858258424906,-825.7399411075734,420.60951113117585,462.5477108816832,88.46178567506335,321.32554498807536,-228.0523642140436,0.0931845774171268,-117.00543413478132,38.68893380367844,-181.8059351370767,-57.28952347063786,49.90357136927714,-45.311374986941296,-25.85240701087051,35.64546077568945,005
191.7001902363654,2865.00168433306,1038.2564864450176,2407.1720304317964,-194.93747745842109,1102.6428766407835,-284.96044831114426,895.4273674294328,-190.62858709866276,2626.173811877165,-1626.8924279474109,4581.685061151812,2425.472709195801,1924.852211708432,-399.93309313415057,394.0654690990933,-95.21257953390104,-532.0209730575839,-199.80303552207766,124.93211448501809,-388.41825162205004,-217.21578318441126,53.14691984570858,0.9118369139383612,-58.541480815267256,48.991612366100746,-19.481598789757317,-34.050005507826384,0.10985877345148008,25.040815382023595,54.19074225322733,-43.33362379998584,-18.855664617735748,-42.52209317074534,-53.88925223330704,1.0849793835941584,-13.364764696201535,11.662316950719648,-12.550302203058965,-7.4314178049318285,005
3578.004150587914,-1755.485764284926,513.8686236809206,113.6911039759637,-585.9000742044884,-389.84499358867214,1102.03632017212,-752.3695084605212,343.69065827272175,160.28040517144757,155.7383996614117,106.66491439999682,206.00053896400146,-163.28105953440786,-336.4215351701211,-42.933864962305826,-274.2250339267528,92.9450287410975,337.01720228304265,-258.6583568339041,79.72287578970445,245.2121634429403,17.839689508167663,15.259535959850933,-457.705157763341,76.57785716948142,-55.57797498467423,186.86850950618665,-303.5230570518939,86.0965313926824,44.356158274337915,10.376297067955239,-77.27932797413357,40.59887975036227,15.223975771546247,51.7579197291988,-56.082824335589386,160.0038145021292,-228.6870715226137,-249.7467347137807,005
2173.113349577259,1036.3664715954178,303.0661667366871,918.642678489079,-793.0571097060819,-727.4917128283159,208.28740591507872,-630.3663954162084,-109.34067697331845,86.33216415013383,-177.2503978344555,243.302933056947,-409.8780091709296,57.85480628941436,197.89137433372963,-175.20090662454686,342.78669808992476,-76.67434508821505,-347.97970663979424,-784.0536970908696,97.48588767521152,473.3920632509245,53.84925181664146,-423.9515735757538,1.8139032115786387,-523.7358360581735,-51.79928103524423,52.4517117127859,-108.9227876501963,-254.24236118494676,76.29838350454907,-178.96837946976325,-47.21416773950228,-70.85937843166373,13.2499548803461,192.51337598054735,-6.292270067167176,27.40009530813631,-131.43777930646058,102.12552012190599,005
2524.0284597006366,1178.2911495063818,179.28106360020223,828.1975089076609,-835.4703258475419,-803.8724162477357,282.24300304511246,-677.9574544522168,-68.10620609728875,29.31002273913972,-2.442357080726952,175.24360592625428,-337.3615684228631,-26.313364378659486,222.9550800422823,-25.24116644783214,317.8643860422917,50.011483926750834,-560.4545028471205,-573.6254388614651,-83.75469166591361,150.1500125166521,332.50137030253177,-403.2756082079865,222.75667626094094,-428.15507704934595,295.6888890139467,96.43923046511344,-326.568164027959,-248.56503485912523,-22.59882416567305,-240.86665219225435,-154.47739754840714,47.17515490492084,27.079197381459927,281.7931147310693,-62.99078156978473,-197.0821652584859,-146.47946863979928,-69.85375915558889,005
3740.824089198713,-1186.1009036816213,229.96579224956096,-257.5670131611739,-500.7390034727232,-461.3259045677252,1069.4527852156666,-343.4916862533163,296.8087076384718,-422.3145920891071,-388.43468788753086,62.61727966550262,-223.12265459964362,181.4893670439597,-729.4471951974713,-134.53717710850418,331.6324460643522,-42.75608282710563,67.35330480878108,-462.25973029851394,123.78624115707153,546.0815224097562,468.06789715803427,90.24649652949034,-141.83723164823084,83.87760658586677,410.5129154515404,-521.8262384931816,148.05917069754702,-306.9464690099738,460.90262796510535,92.3094341955643,64.28038705896445,-53.45979934643055,-16.26064592309173,-225.58513391873885,212.03787198702477,18.576013107519042,-127.84601494012253,107.01524182336385,005
1106.7229926187315,-4542.070304900841,1437.6588256125417,1042.8679719507747,545.3864958393815,490.84261268572936,-1312.454553059041,-280.95956504205304,-497.7086794777315,1269.847016299753,959.4747900268277,170.8198569044857,-870.8109239309125,-286.88753461729027,-160.4261223197974,437.21845590884203,204.66340931143847,-529.4231132516998,690.7115067331775,-386.30318878570813,-242.62268263762797,546.69644544679,-62.288394807506464,349.2744140627663,-145.0531259827195,262.72091341159825,-80.37998991207344,16.307919700535788,64.98324632092557,889.4498908911282,-12.917815513868,183.46126458414534,-144.6048312211408,-344.5305263293477,-40.67691460809328,-16.201539629390254,-255.9167736589456,-45.66599582432116,-290.73977472843893,-82.83414142229822,005
1883.6469256557232,2083.5866776309304,140.22860247507558,735.5649664739664,-1628.5907006478496,-1387.5220270867353,24.683107006148006,-218.45670958570236,3.1073870809836284,69.16383985817137,-438.79060496064153,206.6126966317425,-226.92718227007782,-225.98128378809702,170.91342480309183,-511.1288967121835,-30.59369188690765,10.71331560001218,-354.0149479207863,-850.0821955051044,587.6298785509654,152.3545499765346,47.233708547139535,-335.41568447582085,-189.02730825269896,-376.06840369870287,58.75677348392914,-221.2677413583036,15.865226424725307,-83.89547939941112,20.647155329907125,-155.88663262711015,144.38241909114754,-179.4714707774884,95.95017055590706,222.88192708292846,-49.98672631875717,-25.94005873668047,-179.2951915877931,-148.2178687295753,005
1348.3001865984609,132.01605822061606,482.1191964011716,558.7453190426243,-1110.1642164060663,-663.3409191904747,-371.5236622070429,-423.8304592080654,-221.97594230872744,103.11484108275461,-174.10744113046354,132.87098046865117,-704.2999800096693,-18.139499241498754,215.253996805115,-172.14790851945637,83.06323931165181,87.04359597005192,-89.14758908224627,44.783716079130805,-234.77959424843812,357.13848835555416,16.21127754902436,51.39428757910102,-398.17539404300425,163.28364686855195,125.70187417666116,65.6537605420114,-100.15617421785683,111.7960780904457,183.22858698313885,-112.52339376687905,-47.84562952431769,2.3904969730711096,-136.48012877792547,4.594478972949914,220.84160100287184,69.66444853706017,-134.95145797312492,-95.08408739555153,005
1043.3137068501749,-672.2777825558745,415.9887090391576,248.7250654636339,-538.4972529032954,-157.99299012449345,-161.92136194143185,-682.5256855573297,-182.09766110912923,-334.65324310440724,-484.378964647343,74.46667808346322,-611.1248809864488,564.0114616832362,-27.97980634409505,-367.25894927550314,262.77337914511156,-335.4703032044257,84.2186774419841,0.8048163656003923,73.74092717494226,717.7595265821602,-91.65292463205095,166.04235525315394,-174.53448269656113,179.69421497801943,-96.6796178329519,106.22082750392275,162.30941800683036,132.3626022094334,-120.34608004792479,113.34850193935705,-166.4776549556415,130.7314845105594,-135.74836905890504,-141.77212632925418,30.32069914951908,137.4997996947883,-9.076771775977582,17.865291203980817,005
-3887.045731966257,1647.7875371165105,-1097.7429288059936,-1150.856759778405,-406.074950109485,-211.22049263964632,1455.2051833857201,-89.2545152591471,349.1953490316807,1168.5587334842312,-198.29350380210968,-174.43180616403953,-1066.5646868543515,444.2342122677311,213.9753963485418,-516.3087019883983,-7.2286211970434024,171.14151269608766,-210.6569852248389,66.83272041571206,-103.16597370356175,-380.57472433916445,140.54776990923187,-55.54935862106211,13.777859270778642,57.02028804812516,-238.85388842460847,-52.76057361646953,10.578934130793117,-169.28570450053599,-50.08606401365337,-17.71303841372597,144.3676128727601,-87.49922968651303,82.66204203087227,-242.75754276050628,-57.872267729155745,-35.26217906523153,7.112884928376137,97.78511324670473,010
-3956.5767746380634,1018.5131595041722,-968.5111802590112,-899.4238532383288,-161.16453952962613,-165.74712296200804,840.4668459079513,-175.9296312493908,81.72274785044029,385.6945276557547,-1049.9960772908364,-369.7327815589309,-170.99638145687447,-265.2268254377663,190.71048621756483,-151.09436548682763,66.76233715014982,94.09720162890804,111.83516042954142,-296.6630858534001,-653.7988176021764,-371.8860241413549,-449.6223751296647,75.5685605994536,191.33828411309034,101.90634211326604,128.40156884490673,40.072097643344755,-58.9880754503377,-118.02401541909377,-132.15600126516736,48.64855525504083,85.04846585788576,-487.00124424373433,-67.4783036441386,-212.9090822117351,79.22850795493535,7.415741340855019,-76.75263786945084,-208.74302491588745,010
-4046.084847406665,1769.600247325368,-1211.3433147952446,-1373.0604720567608,-632.5202252708991,-269.38955059585885,1786.2090874836256,7.2164288077321785,474.25610917008174,2267.494750079592,818.6279850108556,-1030.3397807336817,-615.1846764645145,848.8877660712,-230.76293804462205,-1154.8316617787937,120.55224478958968,-166.26594650710464,124.07743629023638,404.8816924603422,-317.5335447812275,64.13058019126267,263.13018406984946,17.780200983102922,1150.688217035031,-449.49490031054285,-6.082133653915972,272.9871671779653,-242.6270188043579,285.9759785681107,579.5119887777341,-149.73910416514758,82.4298579671467,-58.36563531208926,-413.24913709588355,188.2915926429704,83.90555115881185,106.77032822888026,-177.05649142613527,80.86410288819829,010
-3368.886775462863,-85.35703027108117,41.81161943580578,368.7098701482273,-221.16714137202564,37.88372412508288,-1157.6943931386613,-176.7714674686342,-427.6870110918387,-1033.6904442912928,-817.5828164058887,86.78848567674528,527.4969933190479,-170.87630727421657,97.95029886977454,-403.5281351481081,96.09877781017059,54.8717552614434,-405.5491766864716,314.38160647845973,476.8147003659223,588.1212849882863,395.01886730257223,192.9014468125933,251.2320239907392,176.86793999003723,-97.97543641748486,431.7313920531005,152.21863178854588,67.22046464336913,74.32754150746307,28.162256118185528,-1.11758696585513,150.2208549059489,-396.8010241012509,-24.06366745100454,-111.65983608483077,-38.86384175868121,-252.29900317274905,238.89449060131966,010
-3850.044833633776,-25.875042311770056,-603.7762576451896,-155.23571456601132,165.02802296669867,6.5467115071058615,-597.440120664892,-99.18280622112827,-121.7633480645356,-1442.0390662740579,-624.0984704825661,285.5898795267774,1018.4243468067381,-628.6329320827492,24.140476782867125,-104.04766338810619,-68.55388492755729,170.17930356723556,-116.40422671823117,-112.9842186362864,-29.52549902364864,177.92431507843838,198.7571658984285,-6.590759196288537,12.863888078764637,26.049125179525216,-112.85896910996743,-56.55413980299207,76.55213688930189,105.73452061524985,-155.11525908813005,-59.45704715236377,104.49405977172216,349.3615272022681,92.61106319649943,118.59104054080137,-49.27765140175557,46.408147279137545,-281.8496507109595,-124.48366393847552,010
-3747.7702279979344,1366.9696750984947,-939.3745916829785,-929.8780578726106,-424.52024363976136,-249.48263472012482,935.1363622607386,-189.09430227094498,243.8426416499774,551.2195534523754,-1176.1756315502194,-569.8754299806044,-2.8144637941200634,-85.14466049018793,-33.377197548928265,-10.458474296191046,-2.227684811334091,457.8856242426134,-530.8003143282417,-395.4445506412625,-635.1331545097839,34.092831433309875,-430.71858696357225,48.43900347740201,268.3416950218282,8.932035163970799,-330.5681818103243,-295.13294023420985,-59.12297872245748,24.44604807357894,-444.2884528937554,171.45898164267484,-323.60710420740645,126.26533256183896,-88.46038637454546,43.80118383156264,405.49404968277037,-169.29332088246312,-151.14480261957843,-46.580095134687916,010
-3741.9331779450354,720.7495802770593,-514.697706168936,-293.1859020800547,-219.3663846786609,-96.30104131734915,-135.50164932967004,-229.03638083715924,-224.40354890210003,-338.22415150505225,-1311.600066057081,-237.48934869170293,217.28246628640366,-387.7686166779897,307.7148837485446,-190.95320224260482,176.71078353530893,-21.737165038623193,-38.47859508691374,-29.53337734142426,-211.16266021988173,61.44153209187991,259.5306705366825,81.89969870120704,8.495142833680188,197.0700184645065,-196.28263983205736,243.35954093274873,198.82554099716205,161.56046509483113,-177.74477828130432,-57.394057285114236,45.40962866033152,-95.14835310805238,-40.76410378263387,-158.36698479096316,-19.684203727638526,-69.54702226505059,-322.8203134283019,100.07506781199147,010
-3523.9910597403637,503.3595232373398,-294.62458146832586,33.30710770595931,-171.67937154884282,-94.77190685243274,-520.7595482924543,-252.88954166866958,-457.5412270693752,-404.34144705304345,-1346.6625997815302,-204.43235514694183,22.598025969635327,-325.2404247017137,402.1612856265103,-256.7896085441844,99.46951807697619,-265.2735589182561,371.19972529156337,-35.64156607666137,-66.42916461466355,-189.91719035193455,143.07724909852078,21.068358080686213,-86.50081628015806,154.7384341636199,47.260030223866266,227.37444555800528,209.94824882955444,9.969148724082887,30.519474370947155,-68.33106948727209,135.75577182457636,-75.3788411183474,-49.85640730378941,-63.09204563033043,-146.02515274882845,-1.4309496195490499,-292.0735695840016,20.0309387427537,010
-3775.509955315598,947.3683379965389,-631.9664661982398,-442.8067440293403,-290.57593848517865,-143.75404095083087,47.42281060397776,-203.98169056839166,-152.5379435385032,-70.49746666055569,-1405.448896686262,-518.1831401090367,161.77188461389414,-84.09815753828205,177.75262673495973,-54.50363250781781,-101.75855164375365,254.33098597306378,-276.16309123908826,50.10444878126412,-153.43245304534838,-167.39187140939165,389.261948009277,-15.044936967156426,5.298913763319542,134.8852293868773,-333.1393036904875,102.33692618079401,184.27608934299428,-41.4171337867087,-352.74830936858643,-256.64062117141714,121.98154886564197,61.508028910568584,56.443380405586986,-216.6070775931158,97.83469102449138,-89.79345350546265,-332.43477826470775,214.81335549162256,010
-3257.994459149044,28.444417709589725,38.229086030280754,245.80293363001576,-258.54402160886315,0.2618402389097079,-753.8401216353141,-224.22085293580798,-388.49319720742193,-556.9282765243997,-984.1935934260725,188.31322340078833,66.42381870120943,-471.30907179648995,332.9944929921154,-306.21392865413003,281.4412397719152,-132.6143290721022,-68.50604805399122,58.391236098853824,156.31620020789904,446.2477363365901,104.03970146083266,223.26653467309143,35.406087972474694,298.51270551809705,39.03246996845722,420.6358607643538,95.72461680910064,59.513323419564365,153.6590055363481,264.63562207696157,-181.07529049720856,-218.07899286066865,-293.67228016545215,144.12967625708387,-78.3513049204216,48.31187138829754,44.13716850099892,-97.729244967783,010
4350.460407198818,1683.9718963795162,-820.0216155764386,-689.2147283671112,-1365.7866809307793,-934.390154533431,405.598540496299,-1264.8281547233235,142.4126097621388,-1222.437903060295,372.14629132360676,-569.640393985168,240.52313709508434,1036.6255986294623,-167.31478259818462,628.2316464465904,879.2961863904819,-554.4545491931553,-264.9427970045099,481.0307498764063,-396.9724778107389,-244.9989131814092,126.35898917936588,111.5848818477505,-282.39630971443336,269.6168087226938,-159.03814802426825,203.6738581300037,-129.85565678894906,-75.9394276325065,-276.2979702590045,372.99319475835176,565.75982856536,-66.57655245116018,14.776507170885608,242.4647716441522,252.36679556347826,232.35714093393364,-25.970663078967068,-333.2092283575271,013
3753.4129978006113,3170.020772657797,-912.1386128608311,-229.72373087098376,-1970.3384173580116,-1584.3636036131145,-593.4056563522219,-1012.7860114632573,-123.66102220737633,-891.6111212505663,732.3879673555268,-645.2141756736773,255.1216256393359,666.2439994237834,398.39162694568597,689.3169511281318,837.7243787637757,-122.77437037870082,-453.0358608580663,360.4873577031074,-563.863771335841,-554.6310095299876,73.82579367057919,236.5596149970963,-656.9291587412727,515.4975741362948,-112.02628391975456,-328.91154847530237,-527.9321166189496,-131.6708920694034,323.9356740333094,-145.42471164004172,-301.7273913550025,-214.08972197576767,-447.4501814605593,65.85167678918347,-305.7114678559044,-126.85535919948246,-234.43600144214608,311.39628981667505,013
1175.3411012875602,3802.754289712195,-30.620275005668805,1177.54441514334,-2451.7424279766924,-2255.481500126543,-1221.4168406874928,100.1048131204664,-339.15175940012506,1176.6974486168829,538.6563343394563,-155.29693843055387,452.5585866204054,-921.2467448169157,810.5865826404425,-546.1910678915831,-497.98240082718377,183.3001480173004,-113.06072180526047,-626.238841777909,601.765475912206,-88.55205772142234,-471.3935889786366,96.73747486406448,-702.5319741487541,170.33282865947027,-177.51060891338057,-358.5093767321378,366.57804285481063,-286.36036101253546,-42.298161076109764,219.0236912007424,180.99439045301787,-212.89699172435493,69.26880235239301,-193.85303835406955,-236.20189405523067,-183.03554218006616,-16.35029142025729,48.35313091847492,013
1839.117277046997,4095.2844877562948,1.4148792242732757,1327.7424934537416,-2850.0065187286414,-1214.1354542133538,-1224.7441796783753,288.51329159903906,-352.01615843852414,2185.914797921565,2010.8546805289295,-1769.4001701513437,2770.319212173201,-46.62811045476571,248.13012118509818,-422.852678120145,161.34509911027874,-823.2484654862566,718.389192121395,452.61934731335214,289.05913395620445,661.094981988848,-8.59214870854699,20.3670765393151,206.72165960092448,-0.5474610522562681,275.1924959069596,196.3774922773412,243.3674746094796,-131.24741618113026,29.985981725605935,255.11976618888514,-170.9019916116787,107.08393421010146,219.73699724185448,-342.56570186990035,145.43086241894423,-110.09300270713787,54.28717949184877,-70.61019138447027,013
4536.48849325815,-3123.61210668636,160.43357399370052,-1113.3824671111495,486.67689260443666,65.69414678893398,1940.646284548639,538.6473905723964,634.0971873338636,20.778000363497128,-283.24969429383503,-58.327679787494766,324.24390177486555,-78.55766066879517,-430.95300237903274,-314.14238685111377,498.1334326090521,-207.66768853375234,-61.14544316254753,-13.213707299753619,917.2564800214651,-608.532449742822,-296.84290819295103,246.08724796759572,220.5036106438365,257.54514738928685,-148.9726495671757,-258.47188759764305,703.5738531162318,440.2574013475369,-187.6687783155358,-338.1157464261882,-244.74019857699759,25.82832393300221,-354.29586179004656,79.75332813385519,110.83765324976153,488.1068281589514,289.79264048531326,-89.70102055073977,013
2601.679590314391,4670.120849194618,246.15610351659907,1123.340730343707,-1131.5626790192132,4721.44100641818,-132.455944043783,47.57698639463365,-288.4705171221168,-171.53537592303215,180.35812806223234,230.5473855566303,6.127594394290353,423.81931613275117,488.32478889744016,645.2177500314033,1619.3691622259025,2821.542462365591,1765.6904067647706,175.16835344392751,474.93932481797344,187.45533293641455,-117.51939750252876,-93.612875461649,107.98381915833987,-227.2797617200656,-98.01586133586217,10.197713052986522,73.73535469799468,0.7210323984200323,-56.00769407990593,2.6333509257017216,31.175454456749673,-72.24185124455306,-63.385372670492934,0.3251922147712406,-39.98671720997714,-5.252120237083515,-35.367693555287225,-21.008753811073515,013
3733.9862445604585,262.6376429526706,-294.5693420192291,-357.0502589450011,-973.5080845653363,-766.8335733061047,746.6157292966536,-940.1046271867808,245.77563344799276,-750.6977314424064,-12.24704636462483,-55.390379647882824,119.19164659670858,420.65851990871664,-178.79136342330477,82.86672167245163,-308.6882417677766,-167.85059175898692,285.4083575879509,-32.18898600395128,69.10154006332073,214.04412945022557,-94.30525425513048,-5.721455614017093,-146.6631393391873,-56.72048092149313,-495.78924588553656,65.45512603245639,-244.45683937083493,58.06748732210222,80.98569298513526,17.48328655895376,-33.25091201449317,-34.35868448657635,77.14857826751228,-41.91193683219508,29.753733354124154,257.389213355903,32.90618854780317,-10.034333811592456,013
5006.789667059434,5.261465187791432,-666.1524889908193,-832.2838853543828,-515.9851800774842,-603.7476256832025,1113.609787200882,-1004.7906039000558,369.9944683114331,-1070.5647185647213,38.095139550064225,-281.4466184931894,409.23340690044125,898.2946761904888,-24.235412648887543,179.3402419026185,-519.4331998549052,-427.5791725786438,511.7548687756865,40.34876291294588,68.64810226296159,352.69590631116057,-332.99678652560675,-64.76312779828127,66.30281045165069,-222.1765023139816,-771.4933707122278,360.9657073435741,-69.92870917103777,-46.96099285751582,8.14198572459455,-37.21791954095358,90.37301309901059,-37.824019052388266,-86.64716578266446,-8.03914407965083,23.246068958998276,86.50349236277671,42.22754733018112,212.58169989617727,013
2377.8482705673737,4601.412504339672,664.9116054998345,1652.5765117976916,-1353.402138432465,7264.497862997137,816.1844668586143,351.48536987161845,-311.0472750278591,-466.2397558885754,386.77040517580997,-600.4271205609384,-238.014087980838,-658.9791273706254,-490.3323661233236,-117.93928027478155,-681.1315232246285,-949.2518430822475,-455.9788017364115,-173.86158577208997,32.075224900740416,117.63620632830741,-122.01698864460572,-1493.18403615085,289.2869895054829,1279.2952435494658,20.373538757512264,-140.7119050052127,-147.99192266272888,67.12040911607257,33.00208966169159,-48.05103189015413,90.31241988543304,-53.70942252373393,-30.29998164411977,14.011480667371359,-1.32649031991975,38.249425753678125,-1.3282329034183427,15.843193525417295,013
2459.5306152050016,4735.135641367149,485.003067901261,1542.8412535211085,-1264.9746730703591,6835.768183060716,507.2789516949276,235.67510701269728,-197.5295618384267,-496.44614933322845,291.4922792549003,-445.424697262535,-450.8553345704419,-722.532275358179,-442.96902323097083,-88.1095499546705,-624.7527431787618,-826.9588224078001,-690.519648287257,-15.052612011053474,-235.73912969404466,-328.7314915892417,123.71592575723967,1665.8611271195045,-462.60265079349404,-1157.9652414902182,-8.663158340793906,95.69003738776448,103.41381723081774,-70.61857667264579,6.264794923784189,-4.7763887593844485,-75.7681676740918,18.36094605471513,-25.57900172517884,-18.308575596965856,20.83874432784146,-34.98087770113091,-23.27520703947664,3.0138653350847973,013
-3041.12841538965,5.073797342198376,-391.5378259452346,-199.60380583501671,-237.73405792599743,32.373364498538315,-87.09854701634377,-70.47786393043593,-13.018920569751554,784.1548374638373,-51.08084813059414,-1241.5363594974938,851.6687461695562,462.58582024550486,-664.3642003700735,-105.2987239920649,52.40131442955526,426.5171299896345,-331.81026267080085,-196.338466896131,-395.27839650179243,423.0026574736,20.36731252292825,117.74919201392332,136.27997871497934,-2.9037048334793445,-62.096956935655754,-8.150101858975724,-141.10170440313755,49.52105071343465,-199.4744733302582,-118.30234756705957,114.68225413436653,46.648499863296784,19.916934952494795,20.561951352776763,51.15524737237643,43.97799972664812,206.23025076157677,-30.905123514837186,022
-3394.108347641857,287.60271635822505,-617.7040087923671,-431.65407760338144,-61.38417318656372,180.00379573355474,286.95250938081483,-55.831736498093946,152.52880921234336,514.4767896302479,105.32359298919697,-294.339883536149,-196.09883757505682,559.4043045194842,-472.9918434544761,-69.81073101375765,-120.32270889980407,495.3851887753916,-343.7338089721742,-537.8413526764592,-309.5306551455731,324.79020345678776,-682.6470228177178,193.5681095867386,51.81956855816622,96.30257850182406,98.56023468559268,-146.8560246225721,-282.1341970949366,146.3968476622313,-230.89271164496722,-159.1259289561376,170.66305309207095,346.30306008998053,175.4112946507358,-68.88076666840472,-232.96499937279395,90.46493478128795,-94.71346503153714,-0.8075287972202307,022
-1171.534153258,-2030.0578273385895,44.16264366733958,82.52518935037173,275.7385048120793,245.0162063115175,-288.2959413579072,-125.55093494470758,-149.12845078269905,223.21873642667668,-100.92978416405144,-921.1747089564292,1198.2900076617898,-78.9657816847905,-505.90393575459234,145.33431918002697,-571.383188382433,121.03393458382858,550.5442972476022,-144.43080090799097,-222.03328275746998,119.57245534565065,908.4904362816551,-155.89066350329523,21.779688179733416,-324.1841440695297,-93.05033495059139,31.370051193852564,-183.76597064109737,467.4240580088393,49.71181406280011,-645.3754611593635,350.09898855576694,-8.273109108213733,66.75058210394572,200.3100601260078,-30.653893624033255,-230.62683296136666,264.6542293247912,-4.427914798776723,022
-2002.7878276519766,-860.834853125387,78.18918948602654,156.77144770056256,-96.2971722494235,163.37028781999692,-365.9393172297879,-211.28350183645136,-269.261312663135,432.15837664541533,-571.8366619978557,-588.5250933894732,170.67835962491463,103.95253628908922,-320.00250573249355,74.84031661478394,-183.64471681595913,338.6036612744196,27.63817432523023,-354.8602165163675,-140.25429061552862,63.41195999294398,404.8978904748978,61.72405533561188,-383.1833985444534,207.1018009551844,48.76680142859773,-40.22862216056246,30.563763435728966,-126.8884320434381,-313.8595703323069,-170.41980068420514,-127.16572895839657,-236.67379602876022,170.80237239744426,142.73053003472546,80.505370219809,-235.95402422558453,308.7278351856715,-107.36479818178464,022
-4026.3557772696163,833.6282206628712,-1040.7122392921578,-817.1265088812521,-37.430003210063774,36.4761424783083,827.5168440075694,-59.920491828989,235.00162997028102,622.5784655285543,702.8989608989908,184.42442366217628,-1070.85652415099,783.7162262149805,-39.27172405617258,-619.914261281501,-226.8879510634404,-86.33549582935329,504.85723769596746,-47.746471225805905,157.51112377455505,-209.38579552482435,416.6724842916602,-41.96223050302525,-270.4704849664963,68.08404593039283,84.7753410393313,-99.81686315721764,28.081387637209353,-266.7501812596749,-164.07570209308838,-56.29260415880659,63.03606280430842,-251.7911846100152,-233.3470643831109,69.05929226245304,-153.29339832961415,83.06237322856914,229.7236014624124,-106.19071148629483,022
-997.4081095772627,-1744.1179660304701,238.05345775930004,212.26676416867952,141.51462262671427,217.7574990391126,-308.9953347437319,-287.4315951945398,-245.53767047019267,-63.0803818755123,-599.329813193893,-214.24540972740095,156.12823941047552,-21.474788503659983,-98.5853664763307,123.26417080178702,-335.67554396983144,-169.68159797520957,678.7371127675904,-386.8268977943253,-6.142205219018106,170.827410039135,40.15860218379162,20.48468013990007,-516.6519096185466,134.93392494424418,-134.99281229591855,22.061549653875698,-37.09338539092352,334.39009502580717,-281.4647538547817,-150.45735103332788,35.67334400009671,10.219620529329376,172.39011196935243,75.16036410183894,74.40261037157293,-110.72748723677049,175.93123861717558,265.53406327020326,022
-223.31412610911153,3419.2427603477195,226.8865825231365,8726.996181438482,7992.587031180835,-2046.7905279695615,4274.359396184817,-221.86822954926959,-5313.505782017669,-427.99856478415114,514.4485003705265,-459.53576600375646,7.794100601858081,7.399782805962361,50.38336576019708,12.767348715250137,56.346301621137734,72.44675158573627,-65.12988241038191,167.50529367118963,-44.828948133812524,52.24155533308639,-32.96502891202126,48.30869512040848,-43.81862659002422,37.10976131269302,-30.261461363381237,-16.745993930163305,29.38453127799223,-0.6713900064678388,6.530107896451289,21.19902918651249,-0.026817915755918034,0.1568895951281429,6.210188154843028,-29.553634847527537,-0.014196772405243143,-5.03193189681487,6.386618373768161,-6.817297670024928,022
-1717.7608356189767,-1753.3980369482003,-33.460319593873514,29.68636171538256,175.96247886156428,162.14545533789064,-285.64030095834,-133.15513611715514,-198.3019983080075,452.045206558183,-90.03975282678724,-1117.7573154589627,1071.0734472073575,230.78249014377877,-672.4294047381651,32.19981412785716,-616.8778299910969,111.33244245156344,688.4637019788289,-23.366844636952237,106.82813680750245,-84.07013243013317,237.7971368319148,103.53601107066696,-147.61270372060343,12.339452514359383,316.202309833953,-288.5028038408646,-143.79229506123116,191.35592167847278,-281.22052952869126,87.97359895784437,-299.15373766404514,32.74318969493164,29.180998669948952,227.01673481491602,-116.52836296126439,100.46441017038505,-241.63210368827868,-239.09683705970917,022
-230.447251436856,2348.7569234301945,632.8278243053932,7357.4576718712,5344.025173822682,-441.50191067759226,-1422.2086018227221,-889.4577631710107,8470.980576136844,-73.53403480200573,-237.21135540597322,-592.622444398359,-175.94187249765918,22.824285813897756,105.59244370286139,-51.92992390194158,52.1301951299386,-64.24417808925949,73.93756451354047,176.31181994111583,-58.40374037955639,8.388127385425417,-8.454752430005916,7.771217155972197,-14.97970353189442,65.77219914388924,-7.60696801297088,-10.997987768098623,20.237317670870265,-37.92357567639755,19.06982647946105,-3.587734205977934,-9.080255803740094,-18.182245750486704,5.084207840731292,-15.013949472961942,-11.823484228060885,-19.34537265226957,-3.057326369707621,-7.944172282589173,022
-2674.596477322417,-1087.8665423863176,-94.66435056769419,212.53661230196568,61.87989961193476,221.1039613446167,-960.5816629841582,-77.4665648804,-399.05188113461605,580.9815962886978,378.15374954154066,-1120.784184966877,642.9012991360759,537.6377467853316,-509.9564885863385,304.6455127092504,-38.56130887649788,-20.630058516513184,331.8716647430584,-133.88372240018256,-304.7683907719019,-67.9531242087951,-159.47448952285984,37.35784171372766,-159.01224294625192,118.67999483948824,272.70904972654483,126.37689562617201,139.84713041625443,-822.8547213214117,-355.53535635868815,-218.6376427801994,-238.73577850552294,346.09569648169304,114.72410758381524,-14.405140134927084,116.93285843089237,532.7296176584681,-93.91896482430349,405.47337355501315,022
-890.3021428675683,-788.1466432226864,-271.9384297600885,-321.4784181057097,-21.572236561648374,-5.348493297535827,188.58496306861392,-429.95251312617427,66.64875806681864,-1102.097082123452,-362.8429755889843,338.51396944072616,521.0804227452974,-316.3992755093561,76.75221565607299,30.91319989652497,35.36294103599905,-150.14947247840948,64.09013881899799,19.230074682020923,80.82777029325105,278.0444157709178,-571.6544933532103,-104.92599272383734,280.08879782598024,-275.0299529288789,-1.9099127466353079,26.949570542767084,-192.51803515264538,-220.24399463383077,310.9977878150618,248.7348995971372,-276.1126872577031,-44.91349103333278,-128.31675210753122,-16.129928131515598,69.76965561083426,-33.21792033028183,349.1118352087738,142.07816981278614,027
1239.9960107004842,-605.3780340301142,69.06107767626264,501.8722733290123,-393.1426728220622,-445.72950133824753,-1456.6769243947572,-498.70910616879314,-492.6358575486552,-907.7694373018791,393.2273439883677,-121.12716695195277,-68.97452362350428,679.9852019292108,86.56563604915058,359.70484792789824,-754.9647436582104,-155.94102432098916,248.7461034839682,192.6254174508537,354.115592476503,-401.0109455948889,-237.36389045868393,-181.5333466228574,-92.71055249453866,-127.25476428083645,-249.54946120928972,-227.9596966580585,-75.72653539245982,39.68592575910024,255.7513268520268,-434.96917576390786,-468.39805298860654,67.04476431591485,0.9573624665275282,-38.3573832605219,-125.7731497552068,-175.00493347613065,-61.23444412663971,-204.65282658000086,027
-1196.6836973096154,-1016.5837076155697,-405.24106501039313,-427.41576266044297,255.27253445561362,64.2622483045816,131.0208639091067,-316.9627495637694,17.014243095713706,-900.8286812580318,-500.4726354840501,39.8375012582405,781.310772593184,-537.0031855717936,-149.76126650351023,200.98687826878174,126.18466334625217,-217.69581331126744,245.3846846338671,-61.34743304766834,-23.26890600262401,-81.8317469838347,-66.34182982830512,-177.45010333222714,121.72469672632414,-306.08421053231484,-238.70645413704972,-231.43940761436136,-85.39646248390238,6.508785173508064,252.23932049014925,43.70639839663041,43.97726967574363,-65.54629919382025,83.42091400378642,-208.43343543865774,-49.40610341127248,323.2295735441636,-64.0195513877617,139.22190892815698,027
-723.2713933573667,-1210.0038067054677,-366.58759686169833,-244.05439719072547,188.52317348679864,-4.563684093102019,-191.9741288197657,-237.54325137320416,66.5235648259664,-1540.6859126994786,24.91666472438909,197.8086101861346,1168.5443503477818,-236.11694966789761,-45.01050642010017,242.09410829196216,-130.27493243861622,-198.93232885858035,132.0451343296418,32.078099632402704,116.09523363358527,212.15492064358025,-386.5439860107609,-162.3794524381659,153.18571099482517,-386.6819390257771,-118.50693652208484,-375.9552328898649,24.18233046736793,106.14149368455162,265.1119256975366,112.53760807840195,107.29462606807218,298.5875088608646,-6.668001544655786,-34.70758296081166,6.407366494316087,49.149756488894674,37.0106651889131,-14.495540626574076,027
-1874.810449243702,-1422.59713697647,-495.8111516655621,-584.2160041935368,472.5944597834191,118.5297792255688,436.7966367319265,-175.0044942394377,84.20486626824011,-187.22383620965425,-572.5078700265137,-231.2810822140672,898.7814730826437,-906.7986835126903,-163.757453028613,461.0098070751783,-115.60148794140288,135.08994987606667,265.4602177471963,-319.6600043471794,-644.347769775009,-201.96105714584422,205.13699553640348,-185.0783036461568,92.91669368826554,-215.4525956151931,-160.9307936246385,-102.85368530713025,254.82555305018985,15.38369334071529,385.4983248687224,246.05109317868585,261.1697556773254,-283.6445627738968,-103.49233184242614,-97.76123201366671,-280.37570984753233,28.27305885519807,217.8256555972071,-41.74451054274814,027
-943.0575098828381,-2152.2387230056997,453.4687634026863,227.85344746789087,117.81142599378539,193.15544975465588,-311.7010956127693,-95.94660591234646,-163.02591480373633,321.43926751944065,48.75803914124262,68.26248593825731,77.26334157583098,-435.882827532642,242.41546279056996,138.2839723587165,-74.37640807291467,4.626912467812281,32.959485028670635,19.390399459797738,-87.15061925506454,-112.84039808410138,-269.1095020587398,-85.1520559022111,17.899719758872,-120.87078795373976,-130.28602607815733,30.161799874478085,-172.08781848373945,6.37175037705778,43.73866768336216,-17.328459631164396,-167.01495609266405,-237.8317495296975,66.02199096678524,-40.209945469630505,244.17678284620217,-50.93566274129589,16.836474284321476,-97.81943173029642,027
-1536.798077909358,-1548.410775488008,350.69386263073744,255.08840813060576,25.663472362077627,188.45468062532302,-441.4758587617461,-216.45135290580885,-267.8393704256199,444.49876645923763,-238.7818259950032,-82.19822543096919,-404.5743267869449,-96.5999473754043,20.158935319038996,155.1339846150301,59.173361332743504,-28.551172399340356,55.325701505541716,-136.0535934237689,-194.31292582560835,-127.84579894311054,-139.02940871656082,-35.86948717692049,6.219852831934306,-50.89044848098202,25.346561977375952,-54.15979514658922,-161.21490633782807,33.98518207320083,-70.84633467905141,-13.233150513103993,-219.67336188690592,-363.8089033948254,155.23288460361888,-10.681970574201424,163.7915410700545,-22.483549721182982,99.05006208295426,196.74747088011566,027
-2072.880072272113,-458.7768066206374,-266.927208115007,-283.5359100408637,-166.7514011599193,-121.2208433473788,156.29247345726588,156.05596777627431,64.58030714752272,202.2743282550407,-332.50593945767775,-693.9084290828789,425.3865275786196,32.937284383392814,-340.2842314407922,291.9707022741141,776.6290596764632,-42.229333172881475,-415.26920634958464,-392.68378861628906,-370.18715250444177,-240.97238971663097,-640.6369663373298,-113.7335990852654,-250.4675016214449,-90.1560896436759,-274.23934895641366,-459.1781790152308,-93.46030034803186,161.49403741216818,-180.11494224861843,-72.29432817088636,-93.79892245900076,303.5648221774313,-365.87320228128823,21.439437176301013,30.853944645992,-102.83294462989062,304.5181666897677,-136.22858141960464,027
-4281.0078685884255,1327.2655875576645,-1273.1829828405894,-1178.3004924570837,-75.02030522935748,244.1979709315624,1314.6996318703507,127.25174873267517,352.5665728503881,1088.9221494503643,-18.884445337539727,-199.38368878740928,-750.3929172688236,-25.214638125074053,162.55490761630872,216.53459878741003,127.89659346444489,-44.07793441528175,211.60013390295438,-167.01181776856984,-453.3068202741418,-424.78876570090125,605.3692480607372,-432.97336257247093,-344.48746674004803,-64.49454548568418,-640.7899800509562,-70.51336422930329,609.1866095596536,99.46749847321244,491.27584469635497,681.2596341584201,-531.9855566453393,607.0716160701019,373.05594742561544,573.368081358076,-190.43373667232973,-19.50413604268287,-9.75517087024461,64.90628920148795,027
-3679.1917173370302,-78.33712456907682,-430.85665219066186,-197.54484103794724,31.30761030104429,113.67451413657744,-302.13573770539296,-70.9222196019298,-146.91380632168978,243.40722855375043,279.27837761912576,63.840547296136194,-861.0374794984344,652.2176240672588,-139.89171075876214,-235.98428219915155,-269.2749926801579,50.36771754932336,53.02101243447108,-112.69496306601268,131.02061088835913,-164.05420970161376,-343.19745534206277,111.77702302920227,33.6256429638515,96.36884467082503,202.61833676262708,-28.598649867089538,-6.262321359042929,-264.6584841397419,121.2777234472115,150.8351549144527,-52.31677414549322,-97.29291094929391,-42.122924979454865,68.0743252561101,-268.9764933067889,330.13511020228316,35.0600092531939,-273.24096721068014,027
-697.5053144876914,-2745.6679086077806,1075.8901601446742,1283.7596691173649,519.6475934769829,647.8403617684995,-2405.9292998303217,-213.9683819145441,-995.3652461301612,569.0847870898631,259.0085334942563,-139.11204964770712,-1593.4327532035338,984.6966215941894,439.77779247783167,561.1893558202737,-248.4409801988068,-612.033597337231,661.9650225896669,-14.062329833163194,-12.869213080632347,-668.2642929792402,-621.0937223141057,-272.6025923139284,286.2179123157861,-357.6778126638524,147.66539789766534,-269.9436094565005,260.4747253681365,-253.51772911178756,-43.57204312151952,-86.14481742217743,288.43164570218465,137.7849507342835,134.81161134481158,125.49012233067694,279.8294187906419,20.945932573232724,-371.0902460509817,54.845633233289114,030
2466.1120268022623,4514.8752414807395,-384.9256107481932,1621.7951702262524,-1546.092754319556,-2074.905368549059,-1345.6956420133865,226.65624382167084,-158.8955421695453,557.2306083967151,347.471592443436,481.4451223911767,-147.5483559960708,-955.6233000957963,443.3379652998202,40.13486911573548,-981.7662449620875,539.4472712054553,1.6339057426640065,-626.3606230195197,259.9051383252736,-727.4645745844554,-28.711321195289575,122.25093620390436,133.73948685747078,36.42646506369117,26.79869995045206,376.2764048703483,-356.84246549572424,499.69395412115114,-239.29379500306987,451.6012066268436,371.8183634150373,97.24754162019954,-42.71695592862001,165.53289829789458,43.12898447512819,489.3450022838103,205.10644181978,265.2415342837401,030
4861.59302045218,-2941.9581501555367,291.92347426672967,-554.9419689142366,247.61029812491947,130.99397954245947,955.0158005102323,-158.1076673409725,320.7161501921215,207.04941925538938,619.8673282360874,336.5891852115286,211.2021269213256,-481.26203408443683,422.6364549133982,330.88161284296046,-789.8552718319604,365.31898238259964,-75.73581578371811,317.9858325634275,-289.0919864322393,-617.7311927471608,-438.2960167862318,-244.07948768948225,406.37170561909863,-23.282498814880938,-216.8052202457459,836.0211290782495,250.52309909570894,-77.74871313717291,-377.129254152682,43.23993982971096,-455.2582385296102,53.49136475894763,-112.16328547289699,-273.7706152751783,-222.6406384217675,-184.82164787528532,-146.09930010464979,-52.12947224018622,030
4760.84374699254,3426.7995363336136,-1441.3227847462645,-454.2503360441918,-929.51826379058,-1294.5484006460674,-877.499042198553,-1306.025396593777,-201.88372553260052,-1250.2353926516905,343.67537422388375,200.988232561878,-347.8298498299016,501.6262050318969,368.6985664967817,653.3296819053807,-284.6152994752155,5.943143183267522,-131.63197109148646,-380.41738886025075,-679.8583885886372,31.051806701181782,412.20827161138664,284.55658649936584,828.5306397917819,242.5741183321453,494.1297455280829,-92.98994487138344,915.8641882403199,-61.8202235451641,-117.19782159798216,-191.1750922574353,56.624629952326636,69.10388503755615,-52.1326158713184,-2.4684215342770393,-129.53648180180926,-204.43974200640844,137.19740711057568,-196.19895526327971,030
2935.9975576569664,4126.806324124431,-859.4266884263213,619.986206099035,-1183.1853661580617,-1607.8542465890625,-1327.6271849364007,-650.8420115650165,-365.68878699820226,-287.70321250733616,305.2138825047717,336.1153565016388,-363.0564054236116,-419.49483024958084,529.3646336281258,229.09393278963208,-629.8589080313352,631.3203044682062,-198.21297640673475,-102.44078656039927,-301.73847038939243,-348.46728736450683,292.64871811533226,509.1291551727823,498.6708857422346,584.4891410733145,205.96112653165278,-270.28275302036155,24.373186571702906,412.18270343153483,318.0513458812643,-390.2434760558425,-320.49880126769585,279.94582232289423,-12.453806394069634,-74.22533506924854,327.330074232355,145.51469953416643,191.61415861100144,-83.45336648384209,030
1041.1357320037343,2474.023006075135,114.68391125891225,247.24046262416815,-1840.3545963305974,-1084.4065721790998,56.191386772424856,569.0622644448099,-43.36936116715852,154.8304549380869,-823.8688867369322,148.0108866672167,-1034.7913135103283,-389.27470370237603,44.263772922287714,-690.1884612689386,-380.8339926878225,266.95929157656025,-272.59648431673514,1679.7898099127115,-599.3731973784353,885.40392505417,-585.5780966257257,-716.1776671156565,-676.914024018634,-593.074788970038,294.3278559341835,-212.80776437348857,547.6159545809521,215.00049654737555,31.33342078888341,-293.09070559469683,-50.885847525729226,-56.31757884085031,25.548514473337665,69.20615541957008,-163.40040136832891,258.45995190204366,136.87794555172133,-85.19446208115961,030
4140.414799788452,-1505.2956380639182,167.0662299604122,-467.472115751475,-562.0947247406951,-595.5985670091342,1190.3874765313471,443.9818702283402,393.6527929570339,-23.821432161835133,-67.6551169354331,107.47036904746851,146.7625388319109,-584.2212702489801,-109.57249347856498,87.59046941811131,-398.26279443004023,491.7182875200599,-62.02011351870467,1144.86858641017,-704.6640152575026,-282.7196159563378,-65.6198717575963,-398.311417200138,-604.658782072342,-235.7198576417822,854.4700778121498,156.241367636902,-12.84951084109045,448.6145605294822,-185.55684539951298,51.37236329656948,75.07740119505058,-10.412659788726149,-72.41740711045331,62.32683801666568,316.1910129564091,-69.67385166474014,-129.14960450260412,291.0309283110161,030
2782.0396754902467,34.3117569185238,201.67832903044527,-171.5736139842372,-1106.4267074816228,-503.77265004600235,1068.482006278953,-288.8896556420632,328.1723636748762,251.65457747203686,188.04688875835453,208.5347384021547,-142.13677866645907,-20.549803997358225,340.0344492773382,-186.43725060895125,-401.7650251625324,420.8770048586009,136.5904068646617,176.2943278202189,-80.00645026834808,-191.99591268601105,-175.15124139309117,226.23507452573898,-275.83244756606643,359.58509289616956,-183.41401174542264,28.17180073507789,-124.78401168394053,-28.773831633215142,429.9091547301797,-102.09444575033298,447.9687873100425,260.3633763569884,137.82176255772282,235.2758092942521,199.47831467258342,-328.9783582659106,81.91377432757265,70.29823956368249,030
1966.8566354630493,363.8787569788691,282.5589520275797,46.98122266770264,-834.8426941169714,-694.9402864323134,361.9870777001854,270.2107715131685,65.38794198877602,355.1563861494574,-133.78894346120114,125.83984266807053,-376.47231481674197,-277.087042280158,176.74755467531457,-344.46380526741484,12.740410563243124,-75.19587842701858,112.79348982004585,-3.4350471146267445,117.22327340078002,0.7379251790361016,-385.357153123865,203.67503260510782,163.31199323947416,72.21515609504266,-635.515522293361,-150.37067839580433,141.7985385795664,100.32126716291114,333.8138293779954,-137.64763837081944,178.32656519743142,-153.21195489632987,69.53948997062477,-144.71324522500453,5.883558246954981,-144.8064393852556,-24.466265425271366,25.585016700423605,030
4901.846025816653,4382.1445049732665,-844.6691915611907,-446.853856529707,573.0938484102112,-2677.9851562408758,-2108.897803404064,6166.924202903078,-293.3965641422306,-186.96636401184165,-515.7356324659372,390.81788868437206,-1282.339531200316,-1260.9775771367613,-2293.5717801741416,451.21818949206653,80.04355042342301,-289.3243175147027,816.2829711904814,425.67734496962254,-177.3848231034949,282.34917870127146,62.492658039247004,174.351178240513,471.1659142819663,78.0774936132431,-416.37187867361524,-141.31880391317068,-233.38410802636338,-383.69250067500667,-223.19407138811226,-21.346221048374645,-47.625130471646635,-36.69133477220988,-46.66459014928713,152.51950445354197,-89.67898997165251,-114.53263931781045,-47.7599725344525,7.058743908796153,030
614.5658823815231,-1760.576743888662,813.2221054251787,85.77374568546858,-277.5373482192405,367.1359586732816,643.6072231207152,-10.548372564896791,71.88205029498518,748.0288596669133,-353.8134216743572,231.35972313532508,-245.1050641244764,-322.30152378872634,378.04727032161867,-662.3312551304464,25.14565138874304,286.67439666586466,-384.13726841917304,330.91230926587536,173.4958566092801,70.97086868594836,-227.2222880725611,117.89134263775134,9.725653702213465,115.18635638420034,-167.4894247112631,137.21243150783928,-121.74301238027016,-395.50232445191745,1.2028548269245483,-11.042019124656656,301.5382760553602,374.94311483836975,-21.305362343101343,58.51145683548864,66.03936136370791,-242.99029292431598,419.3618916984577,11.937888718683952,032
1692.887600025399,165.19118877532182,100.16459913725376,-239.1955460791064,-671.5724575393098,-175.5865616743685,508.3180590569233,-334.6295857982,57.44179274249144,-386.64947629635543,-632.5740058878874,-55.35843447324645,-258.5316669077151,455.5713582518781,78.3889085386614,-440.77886877536827,336.8238814849865,-151.8271675795634,-225.20370944871647,240.14214488837288,207.42212529484016,169.42993288961318,-128.81138894017332,96.54898414443801,165.12187054190986,-7.593808650471599,-221.28310659116107,145.4767665545198,5.313944895914334,-15.425960253154603,-195.31002504762537,-27.064414797399206,11.753319806580313,41.81575199265228,165.38934220063695,-136.0891486055891,-64.28940046768388,15.130352002899606,95.28341370807728,-226.52828115037596,032
1810.4749453548732,-933.8882475740743,295.52514746247,-266.5165566085023,-290.7323938415315,120.97888799901625,780.3915293078715,-335.621699493253,81.82784254445394,66.98761296024841,-543.5559640649367,36.245863678993054,-105.73364615540174,161.25865709365917,299.9972086597689,-580.022948924926,-80.5601432557541,69.08636379071557,-243.4826504503821,534.6266850196139,364.2711357148947,-190.2682444913604,-26.83712531694453,182.32730814318765,367.90509817198705,43.06073399663558,57.63616076771642,-296.0645743892489,-106.1824277640031,11.204619629901876,-262.43275778093454,171.91555069508723,-8.168812328326858,-52.83330106067104,291.3090204071989,50.66632722445156,-284.25093801384475,69.99771634959781,-141.99417731944797,-81.71847552457805,032
1894.9124852990126,-151.83066323704787,172.47929309527106,-179.71818997666975,-632.469684972402,-124.5740907949438,492.3990407321941,-617.6579149277616,58.202303985563624,-298.2041311023538,-389.3357517264692,-21.44725658562867,-226.09352595347565,395.2653950348808,40.42964677664308,-224.66332077167033,217.74396202889835,-81.50642405757712,-98.81383952646952,276.2402756759969,101.83107011812737,38.92583568137562,-63.9364962465722,66.96174833154276,133.8820780984802,-5.6602116170238155,-183.07419410359316,200.02551974862487,-436.4143901885836,79.32567998852522,-294.85180947979444,34.828667397655934,-151.50979759926884,8.173425590435755,252.83591089013535,-96.87821759562023,-248.58138987971543,-37.13135025978029,143.33971766838914,0.07522052622324658,032
1313.6775725190346,-586.2499221343716,363.2200332070845,-108.13092633658938,-462.9672326584996,22.700309074688757,553.2175988702737,-524.2391106636903,56.901305654711884,-0.11240044520052953,-549.9894386186687,107.9994158843679,-248.6962252277971,163.02158669299985,-10.382612142260971,-503.14093329135744,109.01244640387024,62.64862565277003,-208.80646786447124,234.36038450460495,278.6935987058862,74.89270017204962,97.73840393741094,214.7202281081384,192.41408676566954,88.87593283793485,-28.642829710707538,-239.3305121164595,-162.16731179699596,-66.6129878584128,-169.06668323589005,-102.34496665537634,-125.72434009058782,9.966305458981703,409.116906560919,-120.86930352757132,-127.65535438187212,71.42080003524305,124.44062739146891,-72.52246138863765,032
4719.094821226479,-2951.5513649216023,-116.40983534451041,-1342.284505349832,1797.9205180593622,1095.3769498935908,900.6068421694241,7348.085755378901,617.3775404501065,-722.9817267171112,-114.68322457859452,-877.4867198493698,608.716307715862,1236.5638202686498,2795.8105395133243,-95.81895996594191,-403.53461969423114,-5.438001337111702,-208.4764164569947,-472.6516798235668,-422.4810338565892,410.6233615558478,227.55009119272444,128.92459755294496,-104.71003427626269,67.36126296779238,91.3114326629312,-102.56201267745635,-121.41404401865583,0.008754839366677043,41.903856033538865,4.0961433864299694,-11.110698099474535,-36.920733424861155,2.789491552881324,43.48747630000417,-43.67555314038273,145.75514421331528,3.622527470446579,-24.20478312634756,032
-1911.8798882042877,6142.982581291758,15318.763614837799,-6868.640216767775,3802.1716887035577,-848.5469462037889,26.154909124654807,-569.4659544790114,166.01476620834683,-248.15112962286338,346.48100184570774,-138.26766943021667,162.06034983020368,48.29634074119345,45.267258225647225,96.35607503672149,-109.85752272177982,-5.340422099309853,-0.5483142338697703,-60.03450124450426,-10.614449840368685,-17.187498555693853,8.026223676717505,-19.061487177934513,-31.604257453803704,-16.345271497908026,29.25105864908425,-0.20383486095069914,11.82094297455454,18.606050007252385,-0.4665325805981483,10.687530119677284,-0.6728673478185846,-4.005755377532619,-14.221047312207714,-1.1368165553030178,6.094845709218597,5.918718854871504,-0.6743084704651278,0.572364860822538,032
1445.7408673629543,-184.89579050393976,-159.41067296867695,-208.81792500858836,-361.1784892126731,-171.71484635753538,-20.392763003098835,-29.955089610710694,31.41132080785006,-649.0070738745779,172.21934444930147,110.75498428716494,-323.0356655535819,510.90448922034005,-168.58256051067693,-87.35759360816668,-93.14283773964078,100.62286220654595,-276.11385497354064,596.8850112957716,293.46898793262585,-202.81428392175064,686.4125414405419,-193.5357662168293,121.5264232551632,-139.18813324834633,-38.42197511444064,83.55231718312282,-374.6499072174221,137.43031825502712,-198.62931854462335,563.7957751651302,-65.4713379495489,49.118494727836506,241.5900854727152,-165.2475842388802,-24.12732605062965,-139.91758950696038,61.18650343326745,-56.11512511978987,032
1569.6656657882595,-193.45868917546508,-22.182383702364156,-230.03934050105104,-318.73491347018154,-3.056726916678135,-28.183870025584817,-93.24455772239212,-22.015447761921173,-331.29236492234105,-217.0873386694843,71.37786915135521,-171.1616513032732,147.4917262985685,-52.490721742674644,-218.00191742700673,167.7534645049756,270.2007739369329,-452.6887329534674,528.8550963207873,184.34458923250023,-127.35792359829306,462.59958818140865,62.3113983006026,328.1092161736011,71.72670515301363,329.07152506198264,-282.9864326309526,-279.9111629523501,44.63626850547736,-67.13948854428968,370.3269125764358,-162.25143014438578,-35.43903491077648,294.0682721260283,-208.29950936858907,-44.707957682762164,-59.78783915051392,-14.936674268028183,85.92281665386716,032
1735.3973733225862,-1146.010164651849,444.81174566972874,577.992919423857,-378.23895482455714,-245.9895376737213,-1091.1075904894535,-180.95702560288214,-420.01099532191193,-353.8934096002824,262.1669794096235,-63.73901273135288,-672.5016656368887,619.5991378611949,19.61712132567503,404.7374433166469,-314.28506380606143,-213.0350469554029,332.59474862099404,160.3905591101406,-75.06455693964706,-244.87002513442076,-27.08304255205392,13.14797114485111,-65.34879208526452,16.31311984031291,-248.4823495847836,265.36534344295194,-11.622661242823657,-0.5393492713724919,26.676834187896365,125.79915763715591,330.14336872531896,-15.67726385074516,-18.286877494908484,44.54829179952662,345.38697255920226,158.37065381365863,-107.6012691832105,-262.56164325053595,032
-3866.096806914132,-574.5066001523855,-860.0707732410491,-527.5232328070889,454.7827292550755,-189.51185240978813,-455.50401177916103,2064.348729670366,100.40523318936559,-772.7201439676973,-31.3321683600349,-906.0154048662719,70.40708999445626,1458.2033513108468,-1733.8533646386998,322.94029046667606,-611.478044213588,963.039353395059,-751.6811387532181,-224.71002778626107,185.31653799921102,-296.9241100102681,-151.36230328395456,-183.65531217121784,-424.24469327150314,13.765879415167335,175.38644544637515,237.2937849961483,321.8553937218894,148.89052713199408,574.5120846251018,444.1198344654332,132.79419471116103,6.749405994508275,-103.1490585420502,-535.3144304303416,95.33234492933481,-212.21453303179152,-18.173869179740397,-181.32946592050774,035
-4963.773097882592,1819.6008743156917,-2083.901593776897,-2034.3716375649933,30.76735155504628,-370.740278412322,2421.3547426140517,-127.75703381250739,730.4082675519303,1932.0523995642989,-865.1007971866558,-505.8474257323476,-686.2425419373423,-397.1681673244528,649.9181030116853,3219.9061725887896,-473.54125281986285,-370.9513287829606,-546.9176536076938,557.198369187244,1481.3020405828313,740.2345126008754,32.58528655947275,163.56568542118254,9.135279835041272,17.815235744490018,218.26888610779307,14.972406749567527,-89.57125870426859,-29.170099399087558,20.707442792394403,-81.75995211561744,91.074849988773,19.876761703251752,-92.14087085373697,24.011428613952997,-13.690175987570765,-0.8585111002328613,9.123083192176617,-17.499360083397214,035
-4887.3670850431445,81.70972483815277,-1304.997071879123,-878.2357299710983,379.96545708678656,-22.8512834071522,328.7677925432791,164.53663482295093,409.21378078496934,-839.0834394820884,1782.9058533031985,1267.821328115944,-244.4579241156664,39.34867896380432,42.521661288855476,-416.61100787798256,-242.39219810767952,-2.9574128187484217,107.16680253311829,137.76008907981912,402.73304101605606,205.62359276125406,475.7275525695144,-15.197735284206061,-296.8437973416255,111.26718402034533,-130.91652304448462,11.646946636120404,130.29056277397257,-102.43027860724855,-263.351401247112,115.30460732373292,-352.89793061303396,-55.33870241021465,-37.58692784256639,317.8266742470672,317.3765581767037,-72.89510332915857,12.561958081332087,84.42039987229981,035
-5049.425861065151,63.08101142448511,-1396.4705839196201,-917.1477494490401,452.5240940426982,12.613811411894593,270.8698139463355,193.05315640726582,534.1036071382464,-992.8159238418094,2206.801736053155,1532.7805484565536,-167.7266151582411,-97.57696179898083,30.16129205268921,-327.07560820920315,-88.16355361984263,-23.753013351123975,-13.386574092809594,-2.5456604230237474,174.48795010035641,447.1806155053263,76.88418868871429,-8.629912185036236,-83.51664422052049,-98.14082468609736,8.310729607563111,-422.8956371108652,-190.48274319168223,129.79267265897346,-361.591799835984,-87.03052801269538,249.63533260523545,586.7324023330506,-385.0144920544949,-313.24763165403175,-142.21549497094458,-101.12069601564946,-134.76950823558795,-110.236764264231,035
-4336.057438543073,-832.9786043898488,-849.6083101627064,-406.9256478599968,545.309411704938,141.25000779966123,-542.1665667510381,198.74288360691355,91.2819930786795,-214.075839003514,1849.9774009836626,529.4968909994759,-708.3312753003182,1076.6114833264678,-559.0076657100143,-106.61483425801352,-693.9704288299185,483.90252334444074,-369.1240411376192,-181.83319788835846,209.09223319075045,227.6098688590513,-61.71541773609104,92.94067230076857,-157.30931188648975,139.85837244891977,-74.44830705381572,134.9483400159288,165.69385719470174,81.57123104751648,-132.16854648888258,-145.59436943965295,102.65077450614972,-299.31118884464786,-65.7999964145132,-29.35222999881203,-312.6845884972672,70.03106736883079,145.1883142340795,530.9620807818974,035
-5410.398262760101,932.6722236891766,-1869.4373286114403,-1435.5442770854588,353.87061891078736,-110.45341646058903,1065.896644255477,154.87821347087078,561.4427544316667,-833.3879987790253,783.8978338871126,627.1258315559131,580.1211204702811,-400.0019083548132,-18.895041848722975,39.268454706778996,-71.8023299560376,62.51450556600939,29.55454959900322,-237.38199062477085,-234.24280953531158,209.92193074194284,-860.2923323218531,230.85005747640875,232.48843633807326,83.94319437029384,390.76009472543427,63.649886962959954,-152.72081295837887,17.7269889188134,43.07042825079892,176.97202040889567,-159.02769119953706,-458.91216664787464,138.85795521513384,270.637002233486,170.4448782309143,-94.80854715577605,-2.415636082715442,-49.79540308073942,035
9511.27692029018,3061.3646813482846,-7554.531981335774,-7373.614966299621,8519.137361113948,1551.7067090782714,-3442.326856010229,-1912.782117551324,-870.1919941050579,1373.0354732680755,-305.67836108889674,12.051064939245718,246.48290986074275,-193.00609258697878,113.6140828866023,-578.4921927126431,130.32805895743093,-23.993300853192956,-263.10470059338576,-43.22152591370789,192.16318729091464,106.2633283797305,-91.3769529015035,-157.52261040898733,-311.92848647629836,-67.59900440785,51.843366358739914,76.91841785089134,-68.84507101612125,22.47954065888424,79.76914987771768,6.622196482579269,32.90564951047202,10.98640759739056,14.519726353735907,-17.10220727017472,39.46673449055389,1.4563029827615304,-14.420851269615522,-19.568198990762845,035
-5429.596459908954,832.1595017822823,-1794.4604555863934,-1303.2525621837415,368.0735598489942,-64.52922305866511,805.9789339117568,282.240342770935,523.496992312051,-1163.2163736264447,957.8940354926272,728.2749421150033,816.298585435916,-397.279398333316,-48.21393468459372,-108.05664012071148,45.47630110416666,58.09657697886397,54.3188704325245,-119.84813478336078,-83.95794515563311,83.95238017192032,-717.6122485980651,202.0336482177076,198.95014139854356,68.14001382265647,488.3861552507338,166.00074598071018,-144.0107866718689,1.825360860465219,202.71076581479454,-11.028710506638548,94.9777236717602,18.920693761285783,277.56010318822996,393.09539318658284,-98.96212238021711,-114.47564799322058,-148.62115965025737,-97.89747855987899,035
-3765.749866800488,1240.4722145883886,-1220.4923554520992,-1414.9147635895647,127.18813001322012,-362.3793005210606,1038.421061442518,1699.7939419539691,499.69895412640545,-640.6017414743286,515.5038517007672,341.94412905546443,-156.4176683042408,-177.71853047772433,-320.87299832633147,23.825607698772867,1531.274095574646,-637.062484379197,81.26642625054947,137.35555920814957,280.1089612491895,-713.556148013121,-174.39422585025048,207.92274802889142,-295.0031383119965,403.55878117077964,206.2808154112819,687.3265793967355,169.36757029007214,231.49746925084048,307.8447631350488,-620.2410304173405,62.84431744638851,76.82700720222077,751.2763755685064,-129.1467167054126,-74.19134510214045,-13.70635424427639,23.722954266191472,51.66694237138463,035
-5619.999956137408,1356.4094055893481,-2225.715350498362,-1903.0572784634137,363.23615535089306,-191.3994402385258,1899.748376710926,59.109616982601295,741.4112619503251,-305.21722540721197,1099.8743417812702,1068.0351712401516,-106.14133508487927,-948.6296356456498,737.5566550031946,14.984469547115035,216.4890910099087,-748.4491149788316,1062.7313806935595,105.03128201052156,-301.80462299397465,-398.33901425603057,663.1828062921422,-348.233424144778,-216.94889577864484,-289.4802317304513,-163.5238011151626,-334.76277070546377,-32.577240231743765,-149.44779553654868,-272.054379755116,-63.02821788372151,36.36213943643076,-170.058904348157,-160.66294351102553,-479.3593733322787,313.1516524845342,37.52273372255215,69.65523515901378,-157.32182575712812,035
-1863.8236144411476,-2333.5327751758605,798.0000019045339,1009.0051596864103,272.47107709967713,420.81719402300007,-2103.2978690313826,99.62301302252705,-544.1690376969638,153.59079273971355,1051.9289171442197,321.48076123313916,-97.93093087152938,-519.9017553517239,334.0142618099204,642.9676165467357,793.2411130988991,-145.1432998165916,-684.1321685192273,-29.957165331885893,-497.6577413638076,360.1503076241144,-138.19728270426336,-221.89460286795787,180.5848725998953,-278.8231119422778,-339.1523846672514,83.2904138345341,34.82337341290671,45.72526197382318,32.27653015241972,62.617563371347046,205.5951560711511,97.3255781358818,59.461881604086244,-62.96881969888055,106.52220534394704,-40.052734759959144,121.6729857043061,114.7693664025045,038
717.2172430194067,-3018.7971669727385,954.0617698795126,546.530062366297,58.745840183403274,164.44745295416533,-294.5839148010062,6.7094412278594335,-184.82338466184527,474.71618386677505,295.7809914383308,-205.48520433662344,494.96374545440943,-144.71854533988403,-85.47692405071626,-420.3246482009473,-558.4939031041974,229.92956976282332,35.876399856639125,357.2887593088349,575.313061298685,-215.31937814048024,26.504391589083834,-1.8382996143117918,-92.68195082851759,8.997762394966912,-228.26380546462696,82.90156897555777,-161.8237513993962,-193.0586189114917,146.55094397498317,-256.4280732491929,-13.27117064640911,-90.55926692535297,-74.5963784756032,189.81825463713196,-2.433864442586551,-223.83159342402521,-117.6606292789959,-272.0588845498639,038
-1102.9882446866363,-2668.6105422629084,899.3560123902206,725.2026819458144,1.8792549759599417,176.39479248970792,-1561.5896791588777,742.5198004566597,-386.9389232545294,672.9980477470199,1344.3688439637353,-686.387813840797,1151.9717276417184,-431.8982130725763,22.586538985606683,126.45261278233635,1323.8602465730116,-7.160246778557899,-1190.4865529371705,734.6970679391437,123.72049077681214,-581.5908051179989,72.05309173122625,-37.14582097569859,12.844832664435486,0.6231231348491894,-248.36074772608347,-379.5842517596269,116.62850565273523,13.289741072966436,-152.69926017450229,-47.54985695727336,107.54402395612813,-241.90567890523167,-179.54362888249696,282.9048963008012,-153.88373652455505,29.22013233317463,-17.030353671159236,-16.87354770940197,038
-1022.8317959467124,-2991.4634820103115,977.419801238799,827.0790231862039,253.5853009784966,380.80407280950055,-1514.8356412340834,17.669092461728873,-356.8337458555267,293.088378745903,776.3157946871328,506.46832696898144,-122.26012032798425,-624.8097970730362,14.342114314037534,276.9118380277755,-16.468656328278804,628.1395293071772,-963.1085403355125,31.57105784476746,-160.33060241823517,254.11631316437922,465.29948238462276,-127.8533944588437,213.97654816338516,-78.08005701782619,-299.2130612629372,291.53054863673617,118.48111537781801,-202.0570909065761,91.49738063137958,-71.68192423683621,-23.055704588649323,-362.2313964064723,196.03401965107574,-41.932610057099836,196.81149690695233,255.73021449670054,122.45024190661573,-7.323099111819172,038
-538.2595726315956,-3187.197509643697,803.455729422752,563.2578031177177,397.3262419868137,334.80049136778325,-1058.0276090436946,38.223380342381326,-225.03437397417665,160.57214321729222,624.3850926353986,447.0536324745224,136.9002444963593,-587.4292987792558,-33.11648347755267,260.8725037040766,-438.6414570121874,709.8092146256664,-734.9237700144272,162.45230392186338,149.4882014643214,-270.5967310957285,381.3857728266052,-162.42497611556882,157.58811517601612,-198.9906417190759,-91.37370824810355,-291.8908965309358,-56.779180043592575,-130.11737586093602,196.4148977431931,-123.15606775563536,115.24114827351403,-28.49527322944617,255.6644914065673,-133.7842908391616,-49.72121563828749,311.01475382963304,-210.8039519920994,-249.3988954356132,038
-1333.7479831573787,-1332.5306483942031,248.8627510149422,304.6291719362942,180.93341256323043,162.8877885368286,-943.3729335840446,-345.83186427512936,-473.1297752043986,-39.35381556751452,-439.0082680017203,-47.1340312822184,-338.54608209246885,-82.062920296282,227.1076002685465,128.78716496000413,26.040289086470818,-271.42739084879565,254.29928430912557,150.32662893522934,62.38020784571003,-360.02502357132016,-137.61440014928542,18.477793956537923,276.63118276360245,-162.58044670317315,350.5778362970479,-467.1024048885192,-313.0444255556182,319.2561778924041,-70.63714444435956,156.84437439037308,-62.25797203447706,116.3007183993895,53.55250988497673,-142.95717432681462,-154.4284781226893,-162.38795793064392,71.06588785361802,195.3908321530744,038
-2856.4311392083205,-630.29845158227,20.786015694477836,317.53272480656074,72.8170415838446,207.44006295376465,-1184.5716792124176,-285.99962686004966,-622.9165806284493,-628.7672655687294,-954.2179972318487,-297.69927556700827,-66.63787788744129,253.81627805603233,79.02532226506952,-30.989305264336895,-269.7839368836964,-136.19504223720566,396.4805583018123,185.88615439607705,217.5234085511794,-453.7631435650008,201.8868418489957,-18.88673173640356,-4.591897710515143,22.950963262106296,334.3585050283577,-92.9463163622304,-40.924552923629,-271.3972032518451,45.39399886739504,103.12237807609849,-105.49186209210714,-130.9950528827345,-125.74956770699195,127.19312483013105,-5.551817876781466,-32.800039539114096,402.43886943606896,16.604518975010304,038
-1852.2678876386728,-983.3049431472698,205.96483512769657,306.4584631448177,-25.52918058770629,132.24627010838807,-701.444551823144,-288.67832466934505,-519.5069133737168,-392.4769519472544,-925.7979335052756,-279.4728596623542,97.23576805942805,-25.749798581371,160.42229967057426,-220.1216779137889,-284.65977817403336,-262.8728824645596,659.8041392395303,248.31939912788752,216.05008623491344,-429.4213121552002,132.12028506603363,-43.46905200729697,-107.13602617682957,5.72502248827713,264.45796263062107,268.6524608988762,-227.06725406101785,-206.24478244928244,146.9297113808347,-92.5346670562484,161.08533620840487,74.89704758132204,-226.5241625659688,-8.55417465880974,-204.16072915799478,-69.20341002851052,99.7235707927372,-98.29681203140007,038
-2139.7552088413977,-1197.7106396673462,418.96693152124124,358.35220642193786,-1.3728541725707468,176.81737232186487,-704.2419947107508,-232.06632096883817,-421.65042760931476,-222.25700626492463,-769.3835839198691,181.74393580201047,-88.71300597890358,-579.9582118972738,301.4015224567298,-104.43397817995464,200.6346462447036,-295.27102766120686,457.46299638776435,-49.01323800745234,-146.99100711167958,-34.761491438438455,-110.51667957745535,66.03874311388374,-29.86521636489895,60.37075341518143,149.538181670184,123.52955449964577,-156.1474510832429,-94.57587048488222,256.1182636470344,71.46663348001321,27.397807817132165,173.78750100824521,-39.49582124159553,3.25793765279183,-137.5802510963475,190.16668207788837,147.508945796989,-21.395897496106993,038
-1869.8632266572133,-1552.9276841793437,516.5474466413361,462.9024140725828,40.05908056217583,219.9081746569976,-925.0024342652387,-127.63717526920989,-477.7132241817233,116.68669408436497,-362.2153791782995,-26.990391558217485,-27.45738320358493,-468.67842446062207,317.52565224980293,23.26200178669996,231.4219379181489,-240.91874363598345,259.68493196372214,147.25957283254994,-166.1120462015457,-195.63994085876908,111.46783995800983,-8.693937496602643,98.30398302442372,-42.33372204922999,352.74718876824494,26.81373138301142,-94.48240744630415,-247.44812163813248,174.67458391785857,42.577855359568254,179.6999651472542,262.40653139852935,-89.56531454800253,-81.11235565275284,-307.8641652227871,222.95457431952315,41.167734814832365,148.98061387772896,038
-3774.2359121678865,-395.7704505940547,96.87445975357011,715.4442974510008,96.6819754873653,240.71276825834593,-2084.5625772168646,-48.87929658234726,-679.2050424063748,-1545.579950837592,-450.71353351974125,236.36369754232746,297.9893273040989,343.3973657183221,138.23447549515254,-326.53291084865873,-115.5332975549765,-28.39887368700327,-149.555531216301,276.2135173935821,662.3906083585691,247.93131735249997,-15.6985928346594,64.52216108918765,75.30064822289972,74.04604074484293,16.60490377923861,168.81551046962105,205.02267088031206,-138.2670070121564,-29.87001136212254,14.558379674020992,-124.84852018792873,-118.017578485406,-40.846620729732855,287.7431468254177,378.1609988883274,-52.09952848295829,-6.086956229071856,46.91697099907747,040
5243.144377822506,-1512.4745955978678,-223.34614635781693,-713.0103370168232,-222.37899764836018,-283.216344788709,1120.1343099177418,-1021.5194883015924,402.43486486006725,-520.7282560924663,489.6884524486781,242.32475752973616,140.31086920016276,85.64004743750985,-108.26468927622977,565.9443946174601,-381.70388996443893,101.56611215881044,88.99649055965186,-135.59580011353972,-311.1862361221659,-43.72831756724206,-23.22121473237755,-222.4557195477531,218.63350170575822,-234.3173230125653,-32.506361862276385,88.61203930682373,-61.46915374127356,-263.29126429836924,169.8232990098766,-214.77152620775195,-374.6479328027956,-88.25000881452863,98.68618438313824,-201.62912540807886,-86.0005169121994,-104.0440772870387,37.11673320518407,175.55564561412697,040
3421.751569963388,-1949.009993028956,532.1440932771636,-37.62724462627999,-412.9277183294383,-109.75169489548298,691.6007142277302,-449.08066880608453,208.64332617050437,17.764516392292425,146.3951500109782,191.39339052314799,-350.1953049884141,-63.29922572219026,-411.6138137191608,206.68470782471897,459.8669903696714,-78.79599436806612,-52.56488518316025,-382.72793189744556,-303.0530786753274,375.8169556759993,323.42012426461014,-33.82497613476389,-167.5123735122318,21.31147663257788,268.22044631449364,216.68635139921835,-100.36538053858567,-194.4074579387719,16.007824643703525,66.6213501013537,56.05176599783676,103.95292016959495,-10.764639901053792,-59.40490306729073,35.094822145824615,34.33035995528444,116.49366228027355,-64.18696459359279,040
2671.623956599196,-2577.885076114398,699.8426461795759,106.54461339072562,58.724284018759555,233.49082188553626,279.33020660396994,-451.96662644985963,23.920812577425572,371.80979494561365,166.98666294066936,315.40911096078946,-521.3154175831755,-110.25334468343814,-30.511860168382793,102.85310732445956,381.87040521392254,-196.71467334786539,35.72834596448012,-315.0422834777924,-267.68992903746494,380.6373893779546,31.746504680087668,98.75066638001888,-34.510796720265866,102.14209325917554,166.74078064944072,111.92523903545154,26.602702533759768,116.13319848660252,-150.58077050656192,90.20225430187952,23.098260249310933,82.3743800626082,0.7546262231466643,26.007286717989693,-149.154483989241,-56.375872342238885,185.65171441865448,-16.33719832721291,040
2792.448413024377,-1881.6902051246664,561.2437147465381,111.65773160297229,-229.50145625885892,99.16077225391521,292.59986357138774,-811.3372196697434,36.73683306681714,151.87019293796232,128.78442067845248,329.92295207002746,-583.5118608782861,4.52207105617026,-187.5287374767574,226.02328994526113,468.80287535683783,-178.27351184944828,10.423639669063556,-419.1586853326536,-373.5298413374678,573.1732890795676,250.4811030889102,131.43641218733097,58.857268345504956,50.223244723575625,237.53148520508552,-99.56956663849348,175.65365934800627,-6.412980982187703,9.522694637894382,81.90681249823066,24.814379799110633,-81.59927230345437,187.4106321590942,-71.37715433955294,-89.66079766276451,117.64517102839395,56.01269257300392,-35.73659850104091,040
-2073.627835640213,-1078.0820673968462,1112.8516341925963,1382.332972771087,-128.62283916700818,526.7640116634461,-2420.243191935641,366.14402936460755,-1009.9282441485692,289.21135298487326,-224.95589871039863,-101.7745971996216,-1391.7154701815573,763.2661472978309,554.8663865514401,-186.018658116882,569.1070812642362,-625.7775644989297,90.88328089622078,31.544735310315655,279.7139612933361,101.23031673663642,-200.06073996853192,-48.061117389652495,92.22193115380638,-70.56295352561719,76.93248922581547,-65.68818428890017,-34.04992471823539,330.12138293702645,16.205551744275933,115.73786627221794,-42.487127623008305,106.54171144593417,24.695241587450234,-152.12219103617173,235.49651432816094,-383.2514560628452,162.58076896919303,47.67189305404997,040
3669.9891805284783,-2976.626133517334,698.5802389141471,-389.7025489158267,258.2634361873129,295.30171499852236,1552.851476427248,155.02028409144114,453.21447240145227,410.19375527588085,-333.9023351051265,160.52236753093274,271.3498358341341,-306.2812442166412,-347.2762921135504,-529.1321936663728,-18.063486337316313,153.30108797073055,230.96163324109295,-25.503418683996337,543.9854206926549,20.915627352664483,-14.393810047232849,347.295419927303,78.84107326796206,261.284084961411,-6.314464212238304,-528.4838259074979,41.69227354703706,19.4280185433479,270.90405435408644,86.3168705158048,56.15224061039098,-35.57927105845865,164.19357417765204,-75.15127377950878,394.071516404804,37.740426941740786,-236.57943125981487,284.77172824319473,040
2060.43148063864,-4293.556608131649,1496.9935185395711,510.36049830944404,257.2831066858726,363.22713295095036,425.6006775342576,413.26041478533074,79.52974464066561,1477.4643371103064,307.1082839116126,468.6502316912678,-500.7203588871164,-1046.7666020349557,-92.78021547544354,-114.32470225057149,104.20081012811096,331.51008539478494,40.872641937299335,-182.32413224479993,-161.82966789704295,-46.40094790281184,-90.24406466572331,148.30018588534324,-280.5280713939748,405.44207590511854,130.82271031021557,577.4166663810298,-86.59647200143264,-415.8362642700905,67.33662970092867,-31.0288627301186,-102.62548578625051,368.7437766581927,-321.809554353118,-92.05284355770515,62.05136282016342,-126.61849399063861,-57.38501128035462,-226.2050095184056,040
5574.005090657343,-3081.676488890682,57.35507862239101,-943.7140907909678,418.9058101033989,169.06534293983555,1622.5267085802777,-670.8896743251942,477.9174165424742,-261.0319024853851,176.07663833516762,54.238967856564315,440.01941185096314,160.79496561310893,-256.2791449810669,98.70882560382405,-265.5311886832194,-232.94905884982242,248.81102273731983,184.50524848346484,-6.608141922870714,-81.32360279260462,-138.05173669733017,50.66573937270543,407.9290311944123,-25.41331262747596,98.40868230415482,-162.0105641527732,581.8818251997604,-193.892395319567,-347.1111109457682,240.1424050241721,509.5319351631576,-122.04545224532943,-33.20249010914865,326.6103528819647,-214.55026693945484,-375.48039233902654,-75.66289571493536,183.82083361140266,040
3642.110259448334,-3106.1845165752757,729.7796025894872,-306.9385058451935,114.58293502794704,102.66459231025807,1259.338881028698,220.87344595844962,376.97093610201995,490.068673231256,-117.20155847170234,206.96284006196097,-11.167726219659773,-529.4662796015796,-368.72138937288264,-240.62640528922518,406.432307705818,209.4550534860944,-87.04208422610068,-89.64973585506581,282.21455823614104,-365.24423021028633,121.30362816716782,192.0569788653167,45.239299478369375,229.2857462524034,300.38001820766186,-221.59307196458357,-33.11784836927526,-122.69345563979842,77.39294901573699,107.64953402329492,-15.299491096736675,51.753448355714035,-269.36314977773225,81.48889911478764,56.87373026437462,-59.100142921861256,-43.82133858444296,194.72798699152037,040
